{"cameraMode":{"drawMode":0,"name":"Shaded","section":"Shading Mode"},"sceneLighting":false,"audioPlay":false,"sceneViewState":{"showFog":true,"showMaterialUpdate":true,"showSkybox":false,"showFlares":true,"showImageEffects":true,"showParticleSystems":true},"in2DMode":false,"pivot":{"x":0.3382566571235657,"y":1.3325618505477906,"z":13.815673828125},"rotation":{"x":0.08983567357063294,"y":0.03076803684234619,"z":-0.002776628127321601,"w":0.9954774379730225},"size":6.104072570800781,"orthographic":false}