{"cameraMode":{"drawMode":0,"name":"Shaded","section":"Shading Mode"},"sceneLighting":false,"audioPlay":false,"sceneViewState":{"showFog":true,"showMaterialUpdate":true,"showSkybox":false,"showFlares":true,"showImageEffects":true,"showParticleSystems":true},"in2DMode":false,"pivot":{"x":4.052881240844727,"y":-1.4526071548461915,"z":11.992740631103516},"rotation":{"x":0.22620178759098054,"y":-0.10351161658763886,"z":0.024181976914405824,"w":0.9682630896568298},"size":8.396538734436036,"orthographic":false}