{"cameraMode":{"drawMode":0,"name":"Shaded","section":"Shading Mode"},"sceneLighting":false,"audioPlay":false,"sceneViewState":{"showFog":true,"showMaterialUpdate":true,"showSkybox":false,"showFlares":true,"showImageEffects":true,"showParticleSystems":true},"in2DMode":false,"pivot":{"x":-1.4331779479980469,"y":5.590115547180176,"z":1.7067468166351319},"rotation":{"x":0.014981198124587536,"y":-0.7005602717399597,"z":0.014713904820382595,"w":0.7132853865623474},"size":21.3935489654541,"orthographic":true}