{"cameraMode":{"drawMode":0,"name":"Shaded","section":"Shading Mode"},"sceneLighting":true,"audioPlay":false,"sceneViewState":{"showFog":true,"showMaterialUpdate":true,"showSkybox":true,"showFlares":true,"showImageEffects":true,"showParticleSystems":true},"in2DMode":false,"pivot":{"x":1141.0064697265625,"y":1862.5504150390625,"z":4.19049072265625},"rotation":{"x":0.04647647961974144,"y":0.017082463949918748,"z":-0.0007948282291181386,"w":0.9987737536430359},"size":234.2413787841797,"orthographic":false}