{"cameraMode":{"drawMode":0,"name":"Shaded","section":"Shading Mode"},"sceneLighting":true,"audioPlay":false,"sceneViewState":{"showFog":true,"showMaterialUpdate":true,"showSkybox":true,"showFlares":true,"showImageEffects":true,"showParticleSystems":true},"in2DMode":false,"pivot":{"x":-3.480555772781372,"y":10.591310501098633,"z":-593.1701049804688},"rotation":{"x":0.03893164172768593,"y":-0.05482899397611618,"z":0.0021394025534391405,"w":0.9977351427078247},"size":13.022601127624512,"orthographic":false}