{"cameraMode":{"drawMode":0,"name":"Shaded","section":"Shading Mode"},"sceneLighting":false,"audioPlay":false,"sceneViewState":{"showFog":true,"showMaterialUpdate":true,"showSkybox":false,"showFlares":true,"showImageEffects":true,"showParticleSystems":true},"in2DMode":false,"pivot":{"x":-0.11297011375427246,"y":4.665266513824463,"z":19.261764526367189},"rotation":{"x":0.06849951297044754,"y":0.9045263528823853,"z":-0.15899544954299928,"w":0.38969454169273379},"size":1.4061527252197266,"orthographic":false}