{"cameraMode":{"drawMode":0,"name":"Shaded","section":"Shading Mode"},"sceneLighting":false,"audioPlay":false,"sceneViewState":{"showFog":true,"showMaterialUpdate":true,"showSkybox":false,"showFlares":true,"showImageEffects":true,"showParticleSystems":true},"in2DMode":false,"pivot":{"x":-0.73956298828125,"y":0.8662109375,"z":5.4189453125},"rotation":{"x":0.004753235727548599,"y":0.9880558252334595,"z":-0.15084631741046906,"w":0.031134000048041345},"size":1.8521158695220948,"orthographic":true}