{"cameraMode":{"drawMode":0,"name":"Shaded","section":"Shading Mode"},"sceneLighting":false,"audioPlay":false,"sceneViewState":{"showFog":true,"showMaterialUpdate":true,"showSkybox":false,"showFlares":true,"showImageEffects":true,"showParticleSystems":true},"in2DMode":false,"pivot":{"x":-1.7050564289093018,"y":0.7682491540908814,"z":-5.116078853607178},"rotation":{"x":0.014116999693214894,"y":-0.9409546852111816,"z":0.03954334184527397,"w":0.33592167496681216},"size":2.645911931991577,"orthographic":false}