{"cameraMode":{"drawMode":0,"name":"Shaded","section":"Shading Mode"},"sceneLighting":false,"audioPlay":false,"sceneViewState":{"showFog":true,"showMaterialUpdate":true,"showSkybox":false,"showFlares":true,"showImageEffects":true,"showParticleSystems":true},"in2DMode":false,"pivot":{"x":-1.1099631786346436,"y":0.7820137739181519,"z":-4.997508525848389},"rotation":{"x":0.03667818754911423,"y":-0.811162531375885,"z":0.05117097869515419,"w":0.5814237594604492},"size":1.4459121227264405,"orthographic":false}