{"cameraMode":{"drawMode":0,"name":"Shaded","section":"Shading Mode"},"sceneLighting":false,"audioPlay":false,"sceneViewState":{"showFog":true,"showMaterialUpdate":true,"showSkybox":false,"showFlares":true,"showImageEffects":true,"showParticleSystems":true},"in2DMode":false,"pivot":{"x":0.0,"y":1.4901161193847657e-8,"z":-1.4901161193847657e-8},"rotation":{"x":0.30791857838630679,"y":0.20698869228363038,"z":-0.06882381439208985,"w":0.92607182264328},"size":9.390782356262207,"orthographic":false}