{"cameraMode":{"drawMode":0,"name":"Shaded","section":"Shading Mode"},"sceneLighting":false,"audioPlay":false,"sceneViewState":{"showFog":true,"showMaterialUpdate":true,"showSkybox":false,"showFlares":true,"showImageEffects":true,"showParticleSystems":true},"in2DMode":false,"pivot":{"x":7.612421989440918,"y":1.3857955932617188,"z":20.100830078125},"rotation":{"x":0.12712273001670838,"y":0.2119188904762268,"z":-0.027813462540507318,"w":0.9685844779014587},"size":1.7223010063171387,"orthographic":true}