{"cameraMode":{"drawMode":0,"name":"Shaded","section":"Shading Mode"},"sceneLighting":true,"audioPlay":false,"sceneViewState":{"showFog":true,"showMaterialUpdate":true,"showSkybox":true,"showFlares":true,"showImageEffects":true,"showParticleSystems":true},"in2DMode":false,"pivot":{"x":584.2000732421875,"y":1194.800048828125,"z":0.0},"rotation":{"x":0.07925819605588913,"y":-0.20045949518680573,"z":0.016272826120257379,"w":0.9763553142547607},"size":1771.5001220703125,"orthographic":false}