{"cameraMode":{"drawMode":0,"name":"Shaded","section":"Shading Mode"},"sceneLighting":false,"audioPlay":false,"sceneViewState":{"showFog":true,"showMaterialUpdate":true,"showSkybox":false,"showFlares":true,"showImageEffects":true,"showParticleSystems":true},"in2DMode":false,"pivot":{"x":-3.6943359375,"y":3.639404296875,"z":8.79541015625},"rotation":{"x":0.014298265799880028,"y":0.9788653254508972,"z":-0.07355282455682755,"w":0.19028617441654206},"size":3.420867443084717,"orthographic":true}