{"cameraMode":{"drawMode":0,"name":"Shaded","section":"Shading Mode"},"sceneLighting":true,"audioPlay":false,"sceneViewState":{"showFog":true,"showMaterialUpdate":true,"showSkybox":true,"showFlares":true,"showImageEffects":true,"showParticleSystems":true},"in2DMode":false,"pivot":{"x":-5.695173263549805,"y":-1.7467412948608399,"z":47.678714752197269},"rotation":{"x":0.14128819108009339,"y":-0.6656801104545593,"z":0.1304410696029663,"w":0.7210357189178467},"size":10.192180633544922,"orthographic":false}