{"cameraMode":{"drawMode":0,"name":"Shaded","section":"Shading Mode"},"sceneLighting":false,"audioPlay":false,"sceneViewState":{"showFog":true,"showMaterialUpdate":true,"showSkybox":false,"showFlares":true,"showImageEffects":true,"showParticleSystems":true},"in2DMode":false,"pivot":{"x":1.689666748046875,"y":2.41156005859375,"z":0.1923828125},"rotation":{"x":0.04048888757824898,"y":-0.0014987696195021272,"z":0.00006073337863199413,"w":0.999178946018219},"size":3.192704200744629,"orthographic":true}