{"cameraMode":{"drawMode":0,"name":"Shaded","section":"Shading Mode"},"sceneLighting":true,"audioPlay":false,"sceneViewState":{"showFog":true,"showMaterialUpdate":true,"showSkybox":true,"showFlares":true,"showImageEffects":true,"showParticleSystems":true},"in2DMode":false,"pivot":{"x":-20.093368530273439,"y":-4.196319580078125,"z":-586.4075927734375},"rotation":{"x":0.14386576414108277,"y":-0.5855724215507507,"z":0.10655637830495835,"w":0.7906033992767334},"size":217.76637268066407,"orthographic":false}