{"cameraMode":{"drawMode":0,"name":"Shaded","section":"Shading Mode"},"sceneLighting":false,"audioPlay":false,"sceneViewState":{"showFog":true,"showMaterialUpdate":true,"showSkybox":false,"showFlares":true,"showImageEffects":true,"showParticleSystems":true},"in2DMode":false,"pivot":{"x":-2.26953125,"y":11.7518310546875,"z":0.5638427734375},"rotation":{"x":0.014981198124587536,"y":-0.7005602717399597,"z":0.014713904820382595,"w":0.7132853865623474},"size":21.00679588317871,"orthographic":true}