{"cameraMode":{"drawMode":0,"name":"Shaded","section":"Shading Mode"},"sceneLighting":false,"audioPlay":false,"sceneViewState":{"showFog":true,"showMaterialUpdate":true,"showSkybox":false,"showFlares":true,"showImageEffects":true,"showParticleSystems":true},"in2DMode":false,"pivot":{"x":-0.8528470993041992,"y":1.3203814029693604,"z":-4.603600025177002},"rotation":{"x":0.012976369820535183,"y":0.9721319079399109,"z":-0.05547162890434265,"w":0.22740931808948518},"size":0.31119945645332339,"orthographic":false}