{"cameraMode":{"drawMode":0,"name":"Shaded","section":"Shading Mode"},"sceneLighting":false,"audioPlay":false,"sceneViewState":{"showFog":true,"showMaterialUpdate":true,"showSkybox":false,"showFlares":true,"showImageEffects":true,"showParticleSystems":true},"in2DMode":false,"pivot":{"x":-1.553466796875,"y":8.442626953125,"z":6.4716796875},"rotation":{"x":0.2472551017999649,"y":-0.42333242297172549,"z":0.12127289175987244,"w":0.8631041646003723},"size":23.150615692138673,"orthographic":false}