{"cameraMode":{"drawMode":0,"name":"Shaded","section":"Shading Mode"},"sceneLighting":true,"audioPlay":false,"sceneViewState":{"showFog":true,"showMaterialUpdate":true,"showSkybox":true,"showFlares":true,"showImageEffects":true,"showParticleSystems":true},"in2DMode":false,"pivot":{"x":0.0000019073486328125,"y":3.486788272857666,"z":-700.0543823242188},"rotation":{"x":0.2886306941509247,"y":-0.3000284433364868,"z":0.09577687829732895,"w":0.9041592478752136},"size":6.280345916748047,"orthographic":false}