{"cameraMode":{"drawMode":0,"name":"Shaded","section":"Shading Mode"},"sceneLighting":false,"audioPlay":false,"sceneViewState":{"showFog":true,"showMaterialUpdate":true,"showSkybox":false,"showFlares":true,"showImageEffects":true,"showParticleSystems":true},"in2DMode":false,"pivot":{"x":3.831941604614258,"y":-1.1454200744628907,"z":7.3816938400268559},"rotation":{"x":-0.14331868290901185,"y":-0.8429499864578247,"z":0.2746749818325043,"w":-0.4398311376571655},"size":9.54661750793457,"orthographic":false}