{"cameraMode":{"drawMode":0,"name":"Shaded","section":"Shading Mode"},"sceneLighting":false,"audioPlay":false,"sceneViewState":{"showFog":true,"showMaterialUpdate":true,"showSkybox":false,"showFlares":true,"showImageEffects":true,"showParticleSystems":true},"in2DMode":false,"pivot":{"x":7.492754936218262,"y":0.543179988861084,"z":20.01545524597168},"rotation":{"x":0.06944960355758667,"y":0.8086608648300171,"z":-0.09750780463218689,"w":0.5759661793708801},"size":2.561699151992798,"orthographic":false}