{"cameraMode":{"drawMode":0,"name":"Shaded","section":"Shading Mode"},"sceneLighting":true,"audioPlay":false,"sceneViewState":{"showFog":true,"showMaterialUpdate":true,"showSkybox":true,"showFlares":true,"showImageEffects":true,"showParticleSystems":true},"in2DMode":false,"pivot":{"x":103.57432556152344,"y":82.98625183105469,"z":-598.9578857421875},"rotation":{"x":0.039448413997888568,"y":-0.7653875350952148,"z":0.04713080823421478,"w":0.6406291127204895},"size":80.13184356689453,"orthographic":false}