{"cameraMode":{"drawMode":0,"name":"Shaded","section":"Shading Mode"},"sceneLighting":false,"audioPlay":false,"sceneViewState":{"showFog":true,"showMaterialUpdate":true,"showSkybox":false,"showFlares":true,"showImageEffects":true,"showParticleSystems":true},"in2DMode":false,"pivot":{"x":0.25610506534576418,"y":0.9283468723297119,"z":1.0323610305786133},"rotation":{"x":0.19346490502357484,"y":0.05471041798591614,"z":-0.010805771686136723,"w":0.9795209765434265},"size":3.4105591773986818,"orthographic":false}