{"cameraMode":{"drawMode":0,"name":"Shaded","section":"Shading Mode"},"sceneLighting":false,"audioPlay":false,"sceneViewState":{"showFog":true,"showMaterialUpdate":true,"showSkybox":false,"showFlares":true,"showImageEffects":true,"showParticleSystems":true},"in2DMode":false,"pivot":{"x":-0.5466623306274414,"y":-2.371213912963867,"z":11.238480567932129},"rotation":{"x":-0.28094765543937685,"y":-0.251831591129303,"z":0.07666119188070297,"w":-0.9229175448417664},"size":6.616562843322754,"orthographic":false}