{"cameraMode":{"drawMode":0,"name":"Shaded","section":"Shading Mode"},"sceneLighting":false,"audioPlay":false,"sceneViewState":{"showFog":true,"showMaterialUpdate":false,"showSkybox":false,"showFlares":true,"showImageEffects":true,"showParticleSystems":true},"in2DMode":false,"pivot":{"x":9.00419807434082,"y":5.023558616638184,"z":5.120143890380859},"rotation":{"x":-0.18150226771831513,"y":0.46149590611457827,"z":-0.09706706553697586,"w":-0.8629342913627625},"size":2.1421849727630617,"orthographic":false}