{"cameraMode":{"drawMode":0,"name":"Shaded","section":"Shading Mode"},"sceneLighting":false,"audioPlay":false,"sceneViewState":{"showFog":true,"showMaterialUpdate":true,"showSkybox":false,"showFlares":true,"showImageEffects":true,"showParticleSystems":true},"in2DMode":false,"pivot":{"x":6.869140625,"y":1.8479779958724976,"z":19.735517501831056},"rotation":{"x":0.12208199501037598,"y":-0.0986860990524292,"z":0.012199949473142624,"w":0.9875262379646301},"size":2.1948530673980715,"orthographic":true}