{"cameraMode":{"drawMode":0,"name":"Shaded","section":"Shading Mode"},"sceneLighting":false,"audioPlay":false,"sceneViewState":{"showFog":true,"showMaterialUpdate":true,"showSkybox":false,"showFlares":true,"showImageEffects":true,"showParticleSystems":true},"in2DMode":false,"pivot":{"x":5.31740665435791,"y":-2.5168938636779787,"z":1.040076732635498},"rotation":{"x":-0.10999046266078949,"y":-0.8223696351051331,"z":0.17013013362884522,"w":-0.5316681265830994},"size":8.498547554016114,"orthographic":false}