{"cameraMode":{"drawMode":0,"name":"Shaded","section":"Shading Mode"},"sceneLighting":false,"audioPlay":false,"sceneViewState":{"showFog":true,"showMaterialUpdate":true,"showSkybox":false,"showFlares":true,"showImageEffects":true,"showParticleSystems":true},"in2DMode":false,"pivot":{"x":-0.8561795949935913,"y":1.3332939147949219,"z":-4.438673496246338},"rotation":{"x":-0.10143596678972244,"y":0.6603704690933228,"z":-0.09070862829685211,"w":-0.7385185956954956},"size":0.37487977743148806,"orthographic":false}