{"cameraMode":{"drawMode":0,"name":"Shaded","section":"Shading Mode"},"sceneLighting":false,"audioPlay":false,"sceneViewState":{"showFog":true,"showMaterialUpdate":true,"showSkybox":false,"showFlares":true,"showImageEffects":true,"showParticleSystems":true},"in2DMode":false,"pivot":{"x":2.105377674102783,"y":5.505509376525879,"z":3.5562756061553957},"rotation":{"x":0.12542204558849336,"y":-0.331825852394104,"z":0.04456380382180214,"w":0.933903157711029},"size":4.495649337768555,"orthographic":false}