{"cameraMode":{"drawMode":0,"name":"Shaded","section":"Shading Mode"},"sceneLighting":false,"audioPlay":false,"sceneViewState":{"showFog":true,"showMaterialUpdate":true,"showSkybox":false,"showFlares":true,"showImageEffects":true,"showParticleSystems":true},"in2DMode":false,"pivot":{"x":1.5337162017822266,"y":2.92938232421875,"z":0.798828125},"rotation":{"x":0.04048888757824898,"y":-0.0014987696195021272,"z":0.00006073337863199413,"w":0.999178946018219},"size":4.886913776397705,"orthographic":true}