{"cameraMode":{"drawMode":0,"name":"Shaded","section":"Shading Mode"},"sceneLighting":false,"audioPlay":false,"sceneViewState":{"showFog":true,"showMaterialUpdate":true,"showSkybox":false,"showFlares":true,"showImageEffects":true,"showParticleSystems":true},"in2DMode":false,"pivot":{"x":2.388737678527832,"y":2.1735565662384035,"z":8.469475746154786},"rotation":{"x":0.07321256399154663,"y":-0.21226058900356294,"z":0.015949467197060586,"w":0.9743365049362183},"size":4.474809646606445,"orthographic":false}