{"cameraMode":{"drawMode":0,"name":"Shaded","section":"Shading Mode"},"sceneLighting":false,"audioPlay":false,"sceneViewState":{"showFog":true,"showMaterialUpdate":true,"showSkybox":false,"showFlares":true,"showImageEffects":true,"showParticleSystems":true},"in2DMode":false,"pivot":{"x":0.3370616137981415,"y":3.3215508460998537,"z":7.062839508056641},"rotation":{"x":0.049479804933071139,"y":-1.3910367302472083e-10,"z":-4.462987618358838e-11,"w":0.9987754821777344},"size":1.4748098850250245,"orthographic":false}