{"cameraMode":{"drawMode":0,"name":"Shaded","section":"Shading Mode"},"sceneLighting":true,"audioPlay":false,"sceneViewState":{"showFog":true,"showMaterialUpdate":true,"showSkybox":true,"showFlares":true,"showImageEffects":true,"showParticleSystems":true},"in2DMode":false,"pivot":{"x":-1.0988197326660157,"y":15.77430534362793,"z":-718.3048095703125},"rotation":{"x":0.036503102630376819,"y":0.22791644930839539,"z":-0.00855079386383295,"w":0.9729592800140381},"size":36.89308166503906,"orthographic":false}