{"cameraMode":{"drawMode":0,"name":"Shaded","section":"Shading Mode"},"sceneLighting":false,"audioPlay":false,"sceneViewState":{"showFog":true,"showMaterialUpdate":true,"showSkybox":false,"showFlares":true,"showImageEffects":true,"showParticleSystems":true},"in2DMode":false,"pivot":{"x":-0.8708446025848389,"y":1.284799575805664,"z":-4.618950366973877},"rotation":{"x":-0.11724091321229935,"y":0.7600065469741821,"z":-0.14301837980747224,"w":-0.6230621337890625},"size":0.974879801273346,"orthographic":false}