{"cameraMode":{"drawMode":0,"name":"Shaded","section":"Shading Mode"},"sceneLighting":false,"audioPlay":false,"sceneViewState":{"showFog":true,"showMaterialUpdate":true,"showSkybox":false,"showFlares":true,"showImageEffects":true,"showParticleSystems":true},"in2DMode":false,"pivot":{"x":2.09716796875,"y":1.7845458984375,"z":4.240234375},"rotation":{"x":0.11226222664117813,"y":-0.0035792356356978418,"z":0.00040432074456475675,"w":0.9936728477478027},"size":8.302440643310547,"orthographic":true}