{"cameraMode":{"drawMode":0,"name":"Shaded","section":"Shading Mode"},"sceneLighting":false,"audioPlay":false,"sceneViewState":{"showFog":true,"showMaterialUpdate":true,"showSkybox":false,"showFlares":true,"showImageEffects":true,"showParticleSystems":true},"in2DMode":false,"pivot":{"x":9.326959609985352,"y":7.460693359375,"z":0.640625},"rotation":{"x":0.04048888757824898,"y":-0.0014987696195021272,"z":0.00006073337863199413,"w":0.999178946018219},"size":21.007709503173829,"orthographic":true}