{"cameraMode":{"drawMode":0,"name":"Shaded","section":"Shading Mode"},"sceneLighting":false,"audioPlay":false,"sceneViewState":{"showFog":true,"showMaterialUpdate":true,"showSkybox":false,"showFlares":true,"showImageEffects":true,"showParticleSystems":true},"in2DMode":false,"pivot":{"x":-1.553466796875,"y":8.442626953125,"z":6.4716796875},"rotation":{"x":0.17263704538345338,"y":-0.193635493516922,"z":0.03463594615459442,"w":0.9651435613632202},"size":13.087505340576172,"orthographic":true}