{"cameraMode":{"drawMode":0,"name":"Shaded","section":"Shading Mode"},"sceneLighting":false,"audioPlay":false,"sceneViewState":{"showFog":true,"showMaterialUpdate":true,"showSkybox":false,"showFlares":true,"showImageEffects":true,"showParticleSystems":true},"in2DMode":false,"pivot":{"x":0.8599580526351929,"y":2.608617067337036,"z":5.4364118576049809},"rotation":{"x":0.147230327129364,"y":-0.09775055944919586,"z":0.014623608440160752,"w":0.9841514229774475},"size":4.3203229904174809,"orthographic":false}