{"cameraMode":{"drawMode":0,"name":"Shaded","section":"Shading Mode"},"sceneLighting":false,"audioPlay":false,"sceneViewState":{"showFog":true,"showMaterialUpdate":true,"showSkybox":false,"showFlares":true,"showImageEffects":true,"showParticleSystems":true},"in2DMode":false,"pivot":{"x":-0.525888204574585,"y":1.3516485691070557,"z":-4.381374835968018},"rotation":{"x":0.02974667027592659,"y":0.7287482023239136,"z":-0.03172057121992111,"w":0.6834000945091248},"size":0.9111995100975037,"orthographic":false}