{"cameraMode":{"drawMode":0,"name":"Shaded","section":"Shading Mode"},"sceneLighting":false,"audioPlay":false,"sceneViewState":{"showFog":true,"showMaterialUpdate":true,"showSkybox":false,"showFlares":true,"showImageEffects":true,"showParticleSystems":true},"in2DMode":false,"pivot":{"x":10.734704971313477,"y":-0.5133094787597656,"z":6.443012237548828},"rotation":{"x":0.147230327129364,"y":-0.09775055944919586,"z":0.014623608440160752,"w":0.9841514229774475},"size":11.269341468811036,"orthographic":false}