{"cameraMode":{"drawMode":0,"name":"Shaded","section":"Shading Mode"},"sceneLighting":true,"audioPlay":false,"sceneViewState":{"showFog":true,"showMaterialUpdate":true,"showSkybox":true,"showFlares":true,"showImageEffects":true,"showParticleSystems":true},"in2DMode":false,"pivot":{"x":111.04588317871094,"y":-321.4119873046875,"z":-307.99151611328127},"rotation":{"x":0.3765166401863098,"y":0.2270776778459549,"z":-0.09574003517627716,"w":0.8930338621139526},"size":437.2955627441406,"orthographic":false}