{"cameraMode":{"drawMode":0,"name":"Shaded","section":"Shading Mode"},"sceneLighting":true,"audioPlay":false,"sceneViewState":{"showFog":true,"showMaterialUpdate":true,"showSkybox":true,"showFlares":true,"showImageEffects":true,"showParticleSystems":true},"in2DMode":false,"pivot":{"x":593.9013061523438,"y":1342.69189453125,"z":-721.7011108398438},"rotation":{"x":0.0033930083736777307,"y":0.9866417646408081,"z":-0.02072252333164215,"w":0.16154897212982179},"size":14.169388771057129,"orthographic":false}