{"cameraMode":{"drawMode":0,"name":"Shaded","section":"Shading Mode"},"sceneLighting":false,"audioPlay":false,"sceneViewState":{"showFog":true,"showMaterialUpdate":true,"showSkybox":false,"showFlares":true,"showImageEffects":true,"showParticleSystems":true},"in2DMode":false,"pivot":{"x":0.4645739793777466,"y":0.3015175461769104,"z":10.619257926940918},"rotation":{"x":0.04045717418193817,"y":-0.03955882042646408,"z":0.0016029586549848319,"w":0.998397171497345},"size":3.583767890930176,"orthographic":false}