{"cameraMode":{"drawMode":0,"name":"Shaded","section":"Shading Mode"},"sceneLighting":true,"audioPlay":false,"sceneViewState":{"showFog":true,"showMaterialUpdate":true,"showSkybox":true,"showFlares":true,"showImageEffects":true,"showParticleSystems":true},"in2DMode":false,"pivot":{"x":162.99810791015626,"y":138.7086944580078,"z":-506.54913330078127},"rotation":{"x":0.023241184651851655,"y":-0.8181754946708679,"z":0.03315424919128418,"w":0.573542594909668},"size":150.25477600097657,"orthographic":false}