{"cameraMode":{"drawMode":0,"name":"Shaded","section":"Shading Mode"},"sceneLighting":false,"audioPlay":false,"sceneViewState":{"showFog":true,"showMaterialUpdate":true,"showSkybox":false,"showFlares":true,"showImageEffects":true,"showParticleSystems":true},"in2DMode":false,"pivot":{"x":0.28696924448013308,"y":0.26640021800994875,"z":0.07553339004516602},"rotation":{"x":0.19346490502357484,"y":0.05471041798591614,"z":-0.010805771686136723,"w":0.9795209765434265},"size":1.9056458473205567,"orthographic":false}