{"cameraMode":{"drawMode":0,"name":"Shaded","section":"Shading Mode"},"sceneLighting":false,"audioPlay":false,"sceneViewState":{"showFog":true,"showMaterialUpdate":true,"showSkybox":false,"showFlares":true,"showImageEffects":true,"showParticleSystems":true},"in2DMode":false,"pivot":{"x":-14.786741256713868,"y":-5.791566371917725,"z":130.48178100585938},"rotation":{"x":0.09980366379022598,"y":-0.19714923202991486,"z":0.020179269835352899,"w":0.9750717282295227},"size":31.802597045898439,"orthographic":false}