{"cameraMode":{"drawMode":0,"name":"Shaded","section":"Shading Mode"},"sceneLighting":true,"audioPlay":false,"sceneViewState":{"showFog":true,"showMaterialUpdate":true,"showSkybox":true,"showFlares":true,"showImageEffects":true,"showParticleSystems":true},"in2DMode":false,"pivot":{"x":51.88246154785156,"y":27.20842742919922,"z":-669.315673828125},"rotation":{"x":0.08796089887619019,"y":-0.7669603228569031,"z":0.10769058018922806,"w":0.6264493465423584},"size":0.9610068202018738,"orthographic":false}