{"cameraMode":{"drawMode":0,"name":"Shaded","section":"Shading Mode"},"sceneLighting":true,"audioPlay":false,"sceneViewState":{"showFog":true,"showMaterialUpdate":true,"showSkybox":true,"showFlares":true,"showImageEffects":true,"showParticleSystems":true},"in2DMode":false,"pivot":{"x":-5.78678035736084,"y":1.7944884300231934,"z":10.146073341369629},"rotation":{"x":-0.10005933046340943,"y":0.6338729858398438,"z":-0.08320096880197525,"w":-0.7624230980873108},"size":6.918739318847656,"orthographic":false}