{"cameraMode":{"drawMode":0,"name":"Shaded","section":"Shading Mode"},"sceneLighting":false,"audioPlay":false,"sceneViewState":{"showFog":true,"showMaterialUpdate":true,"showSkybox":false,"showFlares":true,"showImageEffects":true,"showParticleSystems":true},"in2DMode":false,"pivot":{"x":0.0,"y":0.7113792896270752,"z":-0.037282466888427737},"rotation":{"x":0.011263434775173664,"y":0.9886648058891296,"z":-0.09969668835401535,"w":0.11169640719890595},"size":2.7918787002563478,"orthographic":false}