{"cameraMode":{"drawMode":0,"name":"Shaded","section":"Shading Mode"},"sceneLighting":true,"audioPlay":false,"sceneViewState":{"showFog":true,"showMaterialUpdate":true,"showSkybox":true,"showFlares":true,"showImageEffects":true,"showParticleSystems":true},"in2DMode":false,"pivot":{"x":-8.999448776245118,"y":-2.8169784545898439,"z":-688.8414306640625},"rotation":{"x":0.351491242647171,"y":-0.41534581780433657,"z":0.17805913090705872,"w":0.8199015855789185},"size":23.03438377380371,"orthographic":false}