{"cameraMode":{"drawMode":0,"name":"Shaded","section":"Shading Mode"},"sceneLighting":false,"audioPlay":false,"sceneViewState":{"showFog":true,"showMaterialUpdate":true,"showSkybox":false,"showFlares":true,"showImageEffects":true,"showParticleSystems":true},"in2DMode":false,"pivot":{"x":6.037302017211914,"y":0.13814353942871095,"z":9.480457305908204},"rotation":{"x":0.4595818519592285,"y":0.2038520872592926,"z":-0.10925711691379547,"w":0.8574932813644409},"size":4.571319580078125,"orthographic":false}