{"cameraMode":{"drawMode":0,"name":"Shaded","section":"Shading Mode"},"sceneLighting":true,"audioPlay":false,"sceneViewState":{"showFog":true,"showMaterialUpdate":true,"showSkybox":true,"showFlares":true,"showImageEffects":true,"showParticleSystems":true},"in2DMode":false,"pivot":{"x":10.75823974609375,"y":5.568063735961914,"z":-647.0239868164063},"rotation":{"x":0.351491242647171,"y":-0.41534581780433657,"z":0.17805913090705872,"w":0.8199015855789185},"size":8.439534187316895,"orthographic":false}