{"cameraMode":{"drawMode":0,"name":"Shaded","section":"Shading Mode"},"sceneLighting":false,"audioPlay":false,"sceneViewState":{"showFog":true,"showMaterialUpdate":true,"showSkybox":false,"showFlares":true,"showImageEffects":true,"showParticleSystems":true},"in2DMode":false,"pivot":{"x":1.7729482650756837,"y":6.573038101196289,"z":6.685065746307373},"rotation":{"x":0.08944884687662125,"y":0.9096693396568298,"z":-0.30701756477355959,"w":0.2650299668312073},"size":18.99372100830078,"orthographic":false}