{"cameraMode":{"drawMode":0,"name":"Shaded","section":"Shading Mode"},"sceneLighting":false,"audioPlay":false,"sceneViewState":{"showFog":true,"showMaterialUpdate":true,"showSkybox":false,"showFlares":true,"showImageEffects":true,"showParticleSystems":true},"in2DMode":false,"pivot":{"x":-1.1507000923156739,"y":3.7937989234924318,"z":6.8193359375},"rotation":{"x":0.03938319534063339,"y":0.956703782081604,"z":-0.15488319098949433,"w":0.24326777458190919},"size":3.912344217300415,"orthographic":true}