{"cameraMode":{"drawMode":0,"name":"Shaded","section":"Shading Mode"},"sceneLighting":false,"audioPlay":false,"sceneViewState":{"showFog":true,"showMaterialUpdate":true,"showSkybox":false,"showFlares":true,"showImageEffects":true,"showParticleSystems":true},"in2DMode":false,"pivot":{"x":0.24055418372154237,"y":0.8455485105514526,"z":0.322786808013916},"rotation":{"x":0.19346490502357484,"y":0.05471041798591614,"z":-0.010805771686136723,"w":0.9795209765434265},"size":3.0000171661376955,"orthographic":false}