{"cameraMode":{"drawMode":0,"name":"Shaded","section":"Shading Mode"},"sceneLighting":false,"audioPlay":false,"sceneViewState":{"showFog":true,"showMaterialUpdate":true,"showSkybox":false,"showFlares":true,"showImageEffects":true,"showParticleSystems":true},"in2DMode":false,"pivot":{"x":0.0,"y":2.500000238418579,"z":-4.76837158203125e-7},"rotation":{"x":0.19346490502357484,"y":0.05471041798591614,"z":-0.010805771686136723,"w":0.9795209765434265},"size":5.144491195678711,"orthographic":false}