{"cameraMode":{"drawMode":0,"name":"Shaded","section":"Shading Mode"},"sceneLighting":true,"audioPlay":false,"sceneViewState":{"showFog":true,"showMaterialUpdate":true,"showSkybox":true,"showFlares":true,"showImageEffects":true,"showParticleSystems":true},"in2DMode":false,"pivot":{"x":-51.09349060058594,"y":-22.005048751831056,"z":145.1780242919922},"rotation":{"x":0.16641756892204286,"y":-0.6856895685195923,"z":0.16562160849571229,"w":0.6889864206314087},"size":41.320796966552737,"orthographic":false}