{"cameraMode":{"drawMode":0,"name":"Shaded","section":"Shading Mode"},"sceneLighting":false,"audioPlay":false,"sceneViewState":{"showFog":true,"showMaterialUpdate":true,"showSkybox":false,"showFlares":true,"showImageEffects":true,"showParticleSystems":true},"in2DMode":false,"pivot":{"x":-0.8350563049316406,"y":1.3245352506637574,"z":-4.272199630737305},"rotation":{"x":-0.10143596678972244,"y":0.6603704690933228,"z":-0.09070862829685211,"w":-0.7385185956954956},"size":0.37487977743148806,"orthographic":false}