{"cameraMode":{"drawMode":0,"name":"Shaded","section":"Shading Mode"},"sceneLighting":true,"audioPlay":false,"sceneViewState":{"showFog":true,"showMaterialUpdate":true,"showSkybox":true,"showFlares":true,"showImageEffects":true,"showParticleSystems":true},"in2DMode":false,"pivot":{"x":584.2000732421875,"y":871.2000122070313,"z":0.0},"rotation":{"x":0.0389661081135273,"y":0.035067979246377948,"z":-0.001368276309221983,"w":0.9986249208450317},"size":1771.5001220703125,"orthographic":false}