{"cameraMode":{"drawMode":0,"name":"Shaded","section":"Shading Mode"},"sceneLighting":false,"audioPlay":false,"sceneViewState":{"showFog":true,"showMaterialUpdate":true,"showSkybox":false,"showFlares":true,"showImageEffects":true,"showParticleSystems":true},"in2DMode":false,"pivot":{"x":-0.19851112365722657,"y":1.3364989757537842,"z":-5.098723411560059},"rotation":{"x":0.06983055174350739,"y":0.6270225048065186,"z":-0.056584909558296207,"w":0.7737991809844971},"size":3.311199188232422,"orthographic":false}